<?xml version="1.0" encoding="UTF-8"?>
<project-private xmlns="http://www.netbeans.org/ns/project-private/1">
    <editor-bookmarks xmlns="http://www.netbeans.org/ns/editor-bookmarks/2" lastBookmarkId="0"/>
    <open-files xmlns="http://www.netbeans.org/ns/projectui-open-files/2">
        <group>
            <file>file:/D:/Kis-Tóth%20Zsolt/PTE%20PMMIK/V.%20félév/prog3_2/pasztorokHF/src/feluletek/KezeloPanel.java</file>
            <file>file:/D:/Kis-Tóth%20Zsolt/PTE%20PMMIK/V.%20félév/prog3_2/pasztorokHF/src/adatbevitel/AdatInput.java</file>
            <file>file:/D:/Kis-Tóth%20Zsolt/PTE%20PMMIK/V.%20félév/prog3_2/pasztorokHF/src/controller/Vezerlo.java</file>
            <file>file:/D:/Kis-Tóth%20Zsolt/PTE%20PMMIK/V.%20félév/prog3_2/pasztorokHF/src/alaposztalyok/Angyal.java</file>
            <file>file:/D:/Kis-Tóth%20Zsolt/PTE%20PMMIK/V.%20félév/prog3_2/pasztorokHF/src/feluletek/RajzPanel.java</file>
            <file>file:/D:/Kis-Tóth%20Zsolt/PTE%20PMMIK/V.%20félév/prog3_2/pasztorokHF/src/alaposztalyok/Ajandek.java</file>
            <file>file:/D:/Kis-Tóth%20Zsolt/PTE%20PMMIK/V.%20félév/prog3_2/pasztorokHF/src/adatbevitel/Beolvasas.java</file>
            <file>file:/D:/Kis-Tóth%20Zsolt/PTE%20PMMIK/V.%20félév/prog3_2/pasztorokHF/src/alaposztalyok/Global.java</file>
            <file>file:/D:/Kis-Tóth%20Zsolt/PTE%20PMMIK/V.%20félév/prog3_2/pasztorokHF/src/alaposztalyok/Pasztor.java</file>
            <file>file:/D:/Kis-Tóth%20Zsolt/PTE%20PMMIK/V.%20félév/prog3_2/pasztorokHF/src/feluletek/PasztorFrame.java</file>
        </group>
    </open-files>
</project-private>
