<?xml version="1.0" encoding="UTF-8"?>
<project-private xmlns="http://www.netbeans.org/ns/project-private/1">
    <editor-bookmarks xmlns="http://www.netbeans.org/ns/editor-bookmarks/2" lastBookmarkId="0"/>
    <open-files xmlns="http://www.netbeans.org/ns/projectui-open-files/2">
        <group>
            <file>file:/D:/Kis-Tóth%20Zsolt/PTE%20PMMIK/V.%20félév/prog3_2/kothf/src/alaposztalyok/Golya.java</file>
            <file>file:/D:/Kis-Tóth%20Zsolt/PTE%20PMMIK/V.%20félév/prog3_2/kothf/src/alaposztalyok/Rendezes.java</file>
            <file>file:/D:/Kis-Tóth%20Zsolt/PTE%20PMMIK/V.%20félév/prog3_2/kothf/src/alaposztalyok/Balozo.java</file>
            <file>file:/D:/Kis-Tóth%20Zsolt/PTE%20PMMIK/V.%20félév/prog3_2/kothf/src/adatbevitel/AdatInput.java</file>
            <file>file:/D:/Kis-Tóth%20Zsolt/PTE%20PMMIK/V.%20félév/prog3_2/kothf/src/adatok/balozok.txt</file>
            <file>file:/D:/Kis-Tóth%20Zsolt/PTE%20PMMIK/V.%20félév/prog3_2/kothf/src/feluletek/KezdolFrame.java</file>
            <file>file:/D:/Kis-Tóth%20Zsolt/PTE%20PMMIK/V.%20félév/prog3_2/kothf/src/adatbevitel/Beolvasas.java</file>
            <file>file:/D:/Kis-Tóth%20Zsolt/PTE%20PMMIK/V.%20félév/prog3_2/kothf/src/feluletek/BalosPanel.java</file>
            <file>file:/D:/Kis-Tóth%20Zsolt/PTE%20PMMIK/V.%20félév/prog3_2/kothf/src/alaposztalyok/Zeneszam.java</file>
        </group>
    </open-files>
</project-private>
