<?xml version="1.0" encoding="UTF-8"?>
<project-private xmlns="http://www.netbeans.org/ns/project-private/1">
    <editor-bookmarks xmlns="http://www.netbeans.org/ns/editor-bookmarks/2" lastBookmarkId="0"/>
    <open-files xmlns="http://www.netbeans.org/ns/projectui-open-files/2">
        <group>
            <file>file:/D:/prog3-master/prog3-master/VizsgaMunka/VizsgaMunka/src/vezerles/InduloFrame.java</file>
            <file>file:/D:/prog3-master/prog3-master/VizsgaMunka/VizsgaMunka/test/testcsomag/Teszteles.java</file>
            <file>file:/D:/prog3-master/prog3-master/VizsgaMunka/VizsgaMunka/src/vezerles/Vezerles.java</file>
            <file>file:/D:/prog3-master/prog3-master/VizsgaMunka/VizsgaMunka/src/vezerles/SugoFrame.java</file>
            <file>file:/D:/prog3-master/prog3-master/VizsgaMunka/VizsgaMunka/src/feluletek/JatekosPanel.java</file>
            <file>file:/D:/prog3-master/prog3-master/VizsgaMunka/VizsgaMunka/src/alaposztalyok/Jatekos.java</file>
            <file>file:/D:/prog3-master/prog3-master/VizsgaMunka/VizsgaMunka/src/alaposztalyok/ZeneLejatszo.java</file>
            <file>file:/D:/prog3-master/prog3-master/VizsgaMunka/VizsgaMunka/src/vezerles/JatekFrame.java</file>
        </group>
    </open-files>
</project-private>
